{"cameraMode":{"drawMode":0,"name":"Shaded","section":"Shading Mode"},"sceneLighting":true,"audioPlay":false,"sceneViewState":{"showFog":true,"showMaterialUpdate":true,"showSkybox":true,"showFlares":true,"showImageEffects":true,"showParticleSystems":true},"in2DMode":false,"pivot":{"x":0.5339470505714417,"y":1.2245442867279053,"z":2.6798696517944338},"rotation":{"x":0.07822924852371216,"y":-0.0029951261822134258,"z":0.0002350807044422254,"w":0.9969309568405151},"size":9.388879776000977,"orthographic":false}